from,to,score,n_concerns
television,radar,0.6065306597126334,1
television,radio,0.6065306597126334,1
television,insulin,0.36787944117144233,1
radar,internet,0.0820849986238988,1
radio,internet,0.0820849986238988,1
television,internet,0.049787068367863944,1
